ManchesterUnited,Can we please talk about kobie mainoo,osama8395,2024-07-11,247,0.95,61
ManchesterUnited,Who should we have for our right winger ,the_jesus_of_roblox,2024-07-11,2,1.0,0
ManchesterUnited,Help me out!,Far-Alternative-8623,2024-07-11,2,1.0,0
ManchesterUnited,Wearing Kit?,adamsma77,2024-07-11,10,0.66,22
ManchesterUnited,"MUFC has appointed Rene Hake and Ruud van Nistelrooy as assistant managers of the men‚Äôs first team, to work under Erik ten Hag until June 2026",UKbigman,2024-07-11,106,1.0,11
ManchesterUnited,"Joshua Zirkzee to Manchester United, here we go!  Man United will NOT trigger the clause but pay slightly above ‚Ç¨40m with better payment terms, in three years.  Zirkzee signs until June 2029 with option for further season.  First signing of INEOS new era. ",This-Kaleidoscope-70,2024-07-11,75,1.0,9
ManchesterUnited,Pre season match,zarick9501,2024-07-11,2,1.0,0
ManchesterUnited,FA Cup Final,CoZzDaWg98,2024-07-11,3,1.0,0
ManchesterUnited,Donny van de Beek has completed a permanent move to Girona,AutoModerator,2024-07-11,164,0.99,23
ManchesterUnited,United membership packs 2425,Trick-Ad-9637,2024-07-11,4,0.83,8
crystalpalace,Anyone Know Where The Original Photo is From?,eggsandbacon5,2024-07-11,28,0.98,11
crystalpalace,[The Athletic] John Textor facing six-year ban from Brazillian football after match fixing claims dismissed,Regular_Tourist_9144,2024-07-11,34,0.97,11
crystalpalace,Goalkeeper situation,SnooCompliments3785,2024-07-11,9,0.85,11
nffc,Knockers retires,userunknowne,2024-07-11,4,0.84,2
nffc,New kit (maybe),MajorOakSounds,2024-07-11,13,0.94,11
coys,"Daily Discussion & Transfer Thread (July 12, 2024)",AutoModerator,2024-07-12,5,0.86,8
coys,Number of injuries suffered by PL teams 23/24 season (the athletic),Rare-Ad-2777,2024-07-11,318,0.95,48
coys,Emergoat truly is a üëë,Rare-Ad-2777,2024-07-11,933,0.99,46
coys,"[Cesar Luis Merlo] Darwin N√∫√±ez, Mat√≠as Vi√±a, Mele, Jos√© Mar√≠a Gim√©nez, Math√≠as Olivera, Pellistri, Ronald Ara√∫jo, Brian Rodr√≠guez, Emiliano Mart√≠nez, Bentancur and Sebasti√°n C√°ceres are the players named in Conmebol's report. The deadline to contest the charges is next week, are able to play Canada",dickgilbert,2024-07-12,47,0.96,27
coys,We‚Äôre fucked üò≠,CykaBlyat_69420,2024-07-11,1203,0.96,152
WWFC,England Euros or Wolves cup?,ThomPHunts,2024-07-11,22,0.92,24
WWFC,Marbella roundup so far from Judah and Keen on E&S ,Haakon54,2024-07-11,37,0.97,16
WWFC,[John Percy] Wolves are in the market for a new centre-back after the ¬£40m sale of Max Kilman to West Ham. Lyon‚Äôs Jake O‚ÄôBrien is high on the recruitment team‚Äôs shortlist but interest cooled for now after being quoted ¬£25m following a recent inquiry,MurdockLLP,2024-07-11,23,0.97,3
chelseafc,Chelsea 24/25 Home Kit In Person,jctheman65,2024-07-11,416,0.9,392
chelseafc,Enzo Maresca brace vs Middlesborough in 05/06 Uefa cup final.,Balls_R,2024-07-12,158,0.98,16
chelseafc,Found a souvenir,Miru_On_144hz,2024-07-11,107,0.96,11
chelseafc,Estev√£o vs Atl√©tico Goianiense Full Match Highlights,Absol61,2024-07-12,101,0.98,37
chelseafc,"[Adam Leventhal // The Athletic]: New: Chelsea to review loan options for Lesley Ugochukwu during window. 20yo, Fra U21 mid, ¬£23.5m Rennes signing last summer. #CFC preference is PL loan but Euro interest. Currently w/ Thierry Henry‚Äôs Olympic squad for Paris ‚Äò24.",dragon8811,2024-07-11,176,1.0,99
chelseafc,Seems like it's a bit cold in these stories,Andrex316,2024-07-12,33,0.91,5
chelseafc,Renato Veiga has said goodbye to Basel on his Instagram account,Sa_Pinto,2024-07-11,149,0.97,25
chelseafc,"[Fabrizio Romano]üîµüá™üá∏ Marc Cucurella‚Äôs agent Aleix Piqu√©: ‚ÄúCucurella is very comfortable and happy at Chelsea and in London‚Äù. ‚ÄúHis idea is to stay at the club. Under normal circumstances, he will continue there‚Äù, told La Ser.",senluxx,2024-07-11,481,0.99,102
chelseafc,"[Official] Chelsea Football Club is pleased to announce the appointment of Filipe Coelho as the club‚Äôs new Under-21s head coach. Welcome, Filipe! üëä",senluxx,2024-07-11,196,0.99,15
chelseafc,Daily Discussion Thread,AutoModerator,2024-07-12,5,1.0,18
chelseafc,Nkunku priced at ¬£6.5m in FPL this season üëÄ,HarryAtk,2024-07-11,248,0.95,82
chelseafc,"After today‚Äôs game, Estevao has 8 G/A in his last 9 games. Massively levelled up since the departure if Endrick ",HundoTenson,2024-07-12,389,0.99,33
chelseafc,Caicedo playing beach volleyball in Ecuador and meeting fans. ,Dinamo8,2024-07-11,164,0.98,12
chelseafc,Estevao assist vs Atletico Mineiro,donttouchmydoughnut,2024-07-12,57,0.97,21
chelseafc,High-pressure situations don't get to Cold Palmer üòé (@brfootball),YoBleuhT,2024-07-11,828,0.97,21
ArsenalFC,Should I expect to see the top players and a quality match at the Arsenal v. Liverpool friendly match in Philadelphia?,feltman,2024-07-11,1,0.53,23
ArsenalFC,√òdegaard is way better than Bellingham ,Sure-Ad8465,2024-07-11,0,0.41,19
ArsenalFC,The Shandy Man Can,kiwigone,2024-07-11,44,0.94,2
ArsenalFC,Who will play at Arsenal vs Bournemouth in LA,One-Assignment569,2024-07-12,8,0.9,10
ArsenalFC,Arsenal looking at young keeper from Ajax,deathcabformikey,2024-07-11,84,0.99,6
ArsenalFC,Dutch media react to how Nathan Ake coped against Arsenal's Bukayo Saka,drdezard_,2024-07-11,2,0.62,2
ArsenalFC,What‚Äôs everyone‚Äôs opinion on Martinelli?,Exotic_Abrocoma_4749,2024-07-11,4,0.56,77
ArsenalFC,GABRIEL,BradenP15,2024-07-12,23,0.83,2
COYH,As an Auxerre Fan for 15 years and a follower of Luton for 4 years I‚Äôm Happy to see Osho at my Club ! We will take care of him Hatters !!! ,jonviggo89,2024-07-11,39,1.0,11
COYH,I am not saying I am Gary Sweet but‚Ä¶,thejoshway,2024-07-11,14,0.95,5
COYH,Welcome to Luton Town Reuell Walters,Moncurs_rightboot,2024-07-11,23,0.97,1
Everton,Both are clutch in their respective finals,nico_cali,2024-07-11,181,0.95,19
Everton,Daily Discussion,AutoModerator,2024-07-12,1,1.0,0
Everton,Everton team in 051,George1878,2024-07-11,46,0.99,0
Everton,Everton in the community u16s team won the Liverpool fa league as invincibles! üíôü§ç,broken_condom29,2024-07-11,146,0.99,13
Everton,Howard‚Äôs way docmantary,speedy333221,2024-07-11,37,0.96,4
BrightonHoveAlbion,Brighton and Hove Albion 24/25 Predicted  Away kit (Accuracy 80%),aashikzap69,2024-07-11,0,0.5,23
BrightonHoveAlbion,Anthony Knockaert retires from football,ThisUserIsOn9,2024-07-11,96,0.99,19
BrightonHoveAlbion,Fancy a catch up with Craig Mackail-Smith? ,AlbionObsessed,2024-07-11,8,1.0,0
NUFC,Craig Hope: Exclusive: James Bunce (ex Monaco performance director) will be joining new sporting director Paul Mitchell at NUFC as restructuring of hierarchy continues. It‚Äôs likely his role will be director of performance.,321142019,2024-07-11,73,0.98,12
NUFC,Wor Mandy you came and you gave without taking and I miss you today wor mandy‚Ä¶,EarlofBizzlington86,2024-07-11,16,0.79,1
NUFC,We are back!,Angevin,2024-07-11,80,0.98,34
Hammers,Made a Westham Utd Greatest Achievements Quiz,UggsandIpad,2024-07-12,6,0.8,5
Hammers,[footballinsider247] West Ham agree Chinaza Nwosu deal after fending off Man City,fetissimies,2024-07-11,7,0.65,3
Hammers,Today I learned that Benni McCarthy was a forwards coach at Manchester United until yesterday ,MidnightRambler87,2024-07-11,2,0.58,5
Hammers,"[ESPN] West Ham vs. Ferencvaros Monday, July 15",fetissimies,2024-07-11,23,0.97,5
Brentford,üêùü•∞üêù,elliebrentford1,2024-07-11,86,0.98,10
MCFC,Tickets available for September ,Tom8614,2024-07-11,0,0.29,2
MCFC,"[Romano] Dani Carvajal: ‚ÄúI tell Rodri every day to sign for Real Madrid‚Äù. ‚ÄúI tell him every day to leave Manchester, that there is no sun there and to come to Madrid that we need him‚Äù. ‚ÄúHe tells me he has a contract... but he would be perfect for us‚Äù, told @tjcope.",EJacques324,2024-07-11,126,0.92,75
MCFC,[Daily Discussion] Thursday 11 Jul 2024,AutoModerator,2024-07-11,7,0.89,35
MCFC,Facts to show that man utd is booty cheeks,Pure-Midnight682,2024-07-11,0,0.27,5
MCFC,"Tfw you've just watched Foden, Stones and Walker tiki-taka the shit outta Spain and realise you sent football home",mccapitta,2024-07-11,496,0.88,53
MCFC,Selling a Ticket for City vs Milan in NYC on July 27th,MysteriousLightsaber,2024-07-11,0,0.38,2
fulhamfc,Fulham FC - Palhinha Joins Bayern,MyTeaSpatula,2024-07-11,43,0.96,14
fulhamfc,Cobham vs Fulham 30th July,MaintenancePanda,2024-07-11,2,1.0,1
fulhamfc,"[Ven√™ Casagrande] Fulham sent a proposal to Sheffield United for 18 million euros to sign Vinicius Souza. The offer was declined, but talks continue. As Vinicius Souza has a high salary, the Blades want to trade the Brazilian.",nova_uk,2024-07-11,9,1.0,0
fulhamfc,Ideal Transfer Window?,BeBuddiesNotBullies,2024-07-11,17,1.0,11
LiverpoolFC,The real scoop here is that Cesc F√†bregas had ‚ÄúGerrard 17‚Äù on his Nokia phone as a kid. Bona Fide Sports on Instagram:,gratisargott,2024-07-11,170,0.98,12
LiverpoolFC,[James Pearce] LFC keen to establish the facts around what went on after Uruguay v Colombia before making any comment. Will be reaching out to Darwin Nunez when time difference allows. Priority is checking on his and his family's welfare. LFC will also be in contact with Uruguay federation.,jeesprr,2024-07-11,558,0.98,213
LiverpoolFC,USA target Jurgen Klopp as new manager after sacking Gregg Berhalter,SamDamSam0,2024-07-11,360,0.92,229
LiverpoolFC,"Free Talk Friday - July 12, 2024",AutoModerator,2024-07-12,11,0.93,30
LiverpoolFC,"Daily Discussion - July 12, 2024",AutoModerator,2024-07-12,7,1.0,6
LiverpoolFC,Interesting morning so far,UrboySam123,2024-07-11,1534,0.97,78
LiverpoolFC,"Copa America - The AUF received documents listing 11 players involved in the final incidents, according to the regional football authority.",tomdaven2504,2024-07-12,15,1.0,5
LiverpoolFC,Aaron Briggs has joined Arne Slot‚Äôs backroom staff after being appointed as first team individual development coach üî¥,Petaaa,2024-07-11,179,0.99,27
LiverpoolFC,"FIFA‚Äôs gonna punish them big time, aren‚Äôt they‚Ä¶",DragonSlayer271,2024-07-11,766,0.93,167
LiverpoolFC,Athletic podcast How will Liverpool benefit if FSG buy Bordeaux?,Petaaa,2024-07-11,23,0.83,4
LiverpoolFC,Van Dijk on his future: ‚ÄúI will think carefully this summer about what I want at club level and as an international player‚Äù.,Visqo,2024-07-11,910,0.96,228
LiverpoolFC,[David Ornstein] Jurgen Klopp has rebuffed an approach from the United States Soccer Federation (USSF) to take over as the men‚Äôs national team head coach following the dismissal of Gregg Berhalter.,Ashamed-Dog-5735,2024-07-11,539,0.97,173
Burnley,New Kit (sans sponsor) is an easy 9/10,onesingularbear,2024-07-11,5,1.0,2
avfc,Chambers off to Cardiff City according to the BBC,chairman_mooish,2024-07-11,46,1.0,13
avfc,A mention of Ollie and a nice bit of Villa bias from Hitzlsperger in this interview with Lineker ,thomashrn,2024-07-11,23,1.0,0
avfc,Ollie profile in the Guardian,thomashrn,2024-07-11,25,0.96,2
avfc,Prem trading cards leaked. Show (Potentially) the new kit.,B23vital,2024-07-11,13,0.85,8
avfc,Spotted in our local Adidas outlet,daveuns,2024-07-11,48,0.96,18
avfc,"0.05 xG? No worries lads, he does this every week for Villa. ",Astonishingly-Villa,2024-07-11,233,0.98,48
avfc,MOM,reallyisthatwatitis,2024-07-11,3,0.58,13
avfc,How do we feel about bringing him back,Mardywarrior,2024-07-11,1,0.55,17
avfc,Emery gives his thoughts on Rogers' new barnet,Frosty_Parsnip,2024-07-11,42,1.0,4
avfc,[Official] Confirmation of Cameron Archer's return to the club from Sheffield United üíú,Shreddonia,2024-07-11,71,1.0,30
SheffieldUnited,24/25 Away kit has been revealed!,UpYourFidelity,2024-07-11,16,0.95,22
SheffieldUnited,Sam McCallum is a Blade,hoverside,2024-07-11,19,0.93,11
SheffieldUnited,Cameron Archer gone....,jfranco1990,2024-07-11,8,0.76,13
SheffieldUnited,Tickets (Austrian Supporter) ,TipicoMeister187,2024-07-11,2,0.75,6
SheffieldUnited,Anyone know where to watch our pre season games ?,Impressive-End-6709,2024-07-11,3,1.0,4
AFCBournemouth,Saw this flag loads last night üçí,HenryHKO,2024-07-11,8,1.0,0
